t,value
0.0,0.04967141530112327
0.05002501250625312,0.03617772038505657
0.10005002501250625,0.1646520454277718
0.15007503751875936,0.3018153126219261
0.2001000500250125,0.1753520480138502
0.2501250625312656,0.2241114362645451
0.3001500750375187,0.4535848570430597
0.35017508754377186,0.41980574757500344
0.400200100050025,0.34265520026874036
0.4502251125562781,0.48942422939603514
0.5002501250625312,0.4333032597167958
0.5502751375687843,0.4763487953111129
0.6003001500750375,0.5890863996603263
0.6503251625812906,0.4141172059351659
0.7003501750875437,0.4719936931629827
0.7503751875937968,0.6256844797032287
0.80040020010005,0.6163517435075058
0.8504252126063031,0.7829857036270298
0.9004502251125562,0.6928042870926185
0.9504752376188094,0.6724614804765103
1.0005002501250624,0.9883060426957271
1.0505252626313155,0.8451068313498353
1.1005502751375686,0.8982096482557429
1.1505752876438218,0.7705239683613209
1.200600300150075,0.8778181689811133
1.250625312656328,0.960273867843712
1.3006503251625812,0.8486325851265524
1.3506753376688343,1.0134408406110864
1.4007003501750874,0.9255046558283475
1.4507253626813406,0.9636307631040284
1.5007503751875937,0.937377123990897
1.5507753876938468,1.1850274061441897
1.6008004002001,0.998200189083075
1.650825412706353,0.8910282885936747
1.7008504252126062,1.0738093704721416
1.7508754377188593,0.8617451615173519
1.8009004502251125,0.9945290114260367
1.8509254627313656,0.7650527304640933
1.9009504752376187,0.8131737766707324
1.9509754877438719,0.9482842897960453
2.0010005002501248,0.9827272747769653
2.051025512756378,0.9040258942996309
2.101050525262631,0.8511137086006558
2.151075537768884,0.8061992334562874
2.2011005502751373,0.6599960402172963
2.2511255627813904,0.705381234480618
2.3011505752876436,0.6988742409340634
2.3511755877938967,0.8163589830569492
2.40120060030015,0.7089392077843479
2.451225612806403,0.460516202544064
2.501250625312656,0.6298781427957318
2.551275637818909,0.518116188209821
2.6013006503251623,0.446694223434883
2.6513256628314155,0.5320290749974449
2.7013506753376686,0.5292583350694132
2.7513756878439217,0.4735170916687218
2.801400700350175,0.24974629848581237
2.851425712856428,0.2551909534696608
2.901450725362681,0.2709668274496297
2.9514757378689342,0.28652821813072715
3.0015007503751874,0.09171669430348088
3.0515257628814405,0.07137927131430187
3.1015507753876936,-0.07060231854504254
3.1515757878939468,-0.12960363088824361
3.2016008004002,0.021280443611418544
3.251625812906453,0.02581274317526827
3.301650825412706,-0.166576647313387
3.3516758379189593,-0.10818796618111536
3.4017008504252124,-0.2210215082198388
3.4517258629314655,-0.3696974689248863
3.5017508754377187,-0.3162827476390971
3.551775887943972,-0.2449737126869382
3.601800900450225,-0.44771730136826354
3.651825912956478,-0.33191644384994656
3.701850925462731,-0.7933795127755852
3.7518759379689843,-0.4909093801534259
3.8019009504752375,-0.604655668152805
3.8519259629814906,-0.6819872389912309
3.9019509754877437,-0.6800050478396246
3.951975987993997,-0.9233083210794686
4.0020010005002495,-0.7800761093119531
4.052026013006503,-0.7540583808959058
4.102051025512756,-0.6716649632184677
4.152076038019009,-0.898915860691015
4.202101050525262,-0.9534532709541091
4.252126063031516,-0.9461114492540398
4.302151075537768,-0.8254857540022061
4.352176088044022,-0.9029466950175586
4.402201100550275,-1.0052522590885211
4.452226113056528,-0.9150213519836363
4.502251125562781,-0.9682944132938406
4.552276138069034,-0.8903448002016416
4.602301150575287,-1.0641517617034792
4.652326163081541,-1.030962985848354
4.702351175587793,-1.0391604369736474
4.752376188094047,-1.1455521129476194
4.8024012006003,-0.9663396068959221
4.852426213106553,-0.9641052727383178
4.902451225612806,-0.9814811319856601
4.9524762381190595,-0.9947759430990939
5.002501250625312,-1.0997488397535433
5.052526263131566,-0.9847734068971316
5.102551275637818,-0.9591187965542556
5.152576288144072,-0.9848995925045152
5.202601300650325,-0.8983614864761458
5.252626313156578,-0.8171815502074775
5.302651325662831,-0.6421761016987171
5.3526763381690845,-0.7844663347282637
5.402701350675337,-0.7452921029962041
5.452726363181591,-0.7456856151400929
5.5027513756878434,-0.8954649622801436
5.552776388194097,-0.6698256827455326
5.60280140070035,-0.6230684718847663
5.652826413206603,-0.34311050494789264
5.702851425712856,-0.5675392820952296
5.7528764382191095,-0.4756450771762616
5.802901450725362,-0.46550211313851125
5.852926463231616,-0.5339738725065414
5.9029514757378685,-0.2568553288096754
5.952976488244122,-0.24904726961483065
6.003001500750375,-0.19742909735889413
6.053026513256628,-0.31907087844624316
6.103051525762881,-0.03888176073277158
6.153076538269135,-0.2699270992387055
6.203101550775387,-0.021312472835361383
6.253126563281641,0.1889913449651168
6.3031515757878935,-0.07908869047674616
6.353176588294147,0.013304376841706052
6.4032016008004,0.12969352022924482
6.4532266133066525,0.11887549420065166
6.503251625812906,0.06322799967940376
6.553276638319159,0.27367575535110944
6.603301650825412,0.20844662462358293
6.653326663331665,0.4091064616212732
6.703351675837919,0.31596993337432167
6.753376688344171,0.6080503469632059
6.803401700850425,0.4187425875530523
6.8534267133566775,0.507629121483278
6.903451725862931,0.662603694077911
6.953476738369184,0.4981279590996168
7.003501750875437,0.6823685365971334
7.05352676338169,0.8270946085195139
7.103551775887944,0.5706474698936344
7.153576788394196,0.7830447017826275
7.20360180090045,0.8218421507398082
7.253626813406703,0.9033175033747096
7.303651825912956,0.7286570181470874
7.353676838419209,0.7453907330471014
7.403701850925462,0.9525195276897533
7.453726863431715,0.9506602191127163
7.503751875937969,0.9643431895615356
7.553776888444221,0.9899207836101079
7.603801900950475,0.9008654672414328
7.653826913456728,1.0032611976051102
7.703851925962981,1.0180589336253336
7.753876938469234,0.9235585659122172
7.8039019509754874,1.1853237258486287
7.85392696348174,1.0473832905967475
7.903951975987994,0.8796213925169798
7.953976988494246,1.0606599899048363
8.004002001000499,0.8912998670978995
8.054027013506753,1.0587660216850556
8.104052026013006,1.0847545619418695
8.15407703851926,0.8732400589719396
8.204102051025512,1.0356690282185557
8.254127063531765,0.9622824440195074
8.304152076038019,0.9825789688500661
8.354177088544272,1.0671681374810513
8.404202101050524,0.8278704544163169
8.454227113556778,0.7498233654093518
8.504252126063031,0.7069686283305298
8.554277138569285,0.6830707561099402
8.604302151075537,0.7237601834731808
8.65432716358179,0.7305739974752203
8.704352176088044,0.6873737994868335
8.754377188594297,0.7040183959747972
8.80440220110055,0.582641131397518
8.854427213606803,0.6852807176281244
8.904452226113056,0.4706971069369325
8.95447723861931,0.7251712958884329
9.004502251125562,0.4705789197612691
9.054527263631815,0.2761333967541079
9.104552276138069,0.20769153064254892
9.154577288644322,0.3151720747951494
9.204602301150574,0.1960547669544658
9.254627313656828,0.24073087205519486
9.304652326163081,0.16716069992326885
9.354677338669335,0.06276033139414446
9.404702351175587,-0.06460511069836546
9.45472736368184,-0.18142964831215086
9.504752376188094,-0.12454068639544191
9.554777388694347,-0.04399369593952407
9.6048024012006,-0.15764424452343545
9.654827413706853,-0.3525995517909493
9.704852426213106,-0.259109120632379
9.754877438719358,-0.28560539917141387
9.804902451225612,-0.4594218200427276
9.854927463731865,-0.40163418024775815
9.904952476238119,-0.4561130909989231
9.95497748874437,-0.6200025150713565
10.005002501250624,-0.5124330066661695
10.055027513756878,-0.5332679326370394
10.105052526263131,-0.5207013706345487
10.155077538769383,-0.5617126377292097
10.205102551275637,-0.8412770747288689
10.25512756378189,-0.8319497685996384
10.305152576288144,-0.7194739847974274
10.355177588794396,-0.7504801929894492
10.40520260130065,-0.7792290613269772
10.455227613806903,-0.47225724330502544
10.505252626313156,-0.8250923797857088
10.555277638819408,-0.7910687049867661
10.605302651325662,-0.8294055764354304
10.655327663831915,-0.8775332658965337
10.705352676338169,-0.9897074062236229
10.75537768884442,-0.8953943019993226
10.805402701350674,-1.0592543365324922
10.855427713856928,-1.013877392898236
10.905452726363182,-1.044478154691879
10.955477738869433,-0.9910088271472313
11.005502751375687,-0.7684848565406919
11.05552776388194,-1.184929847860488
11.105552776388194,-0.9253324401496377
11.155577788894446,-1.1484983126628974
11.2056028014007,-1.0252181569140189
11.255627813906953,-0.8574811564716799
11.305652826413207,-0.9458816060848655
11.355677838919458,-1.0436348179789232
11.405702851425712,-0.9885999394089411
11.455727863931966,-0.8280245321276024
11.505752876438219,-0.9456939738754726
11.55577788894447,-0.8255010842520747
11.605802901450724,-0.8149598469805971
11.655827913956978,-0.8549967382354862
11.705852926463232,-0.5437858113765968
11.755877938969483,-0.6612348831309804
11.805902951475737,-0.8917746073262456
11.85592796398199,-0.6335239648441356
11.905952976488244,-0.6796253756439479
11.955977988994496,-0.4879458970594055
12.00600300150075,-0.6107496977382697
12.056028014007003,-0.4999498649495197
12.106053026513257,-0.39373393205645163
12.156078039019508,-0.3123021184392868
12.206103051525762,-0.4725542725739702
12.256128064032016,-0.3387397398708116
12.30615307653827,-0.30478530329370596
12.356178089044521,-0.2739811149485172
12.406203101550775,0.01706184643514888
12.456228114057028,-0.06942176767027988
12.506253126563282,-0.18616967788012073
12.556278139069533,0.08169389074828691
12.606303151575787,0.2521375449765936
12.65632816408204,0.19308279670262968
12.706353176588294,-0.012411149132042248
12.756378189094546,0.14044292610667355
12.8064032016008,0.3644253944448673
12.856428214107053,0.21524047267420793
12.906453226613305,0.37794691690537263
12.956478239119559,0.4577513613799704
13.006503251625812,0.3333664179487354
13.056528264132066,0.46481244629083884
13.106553276638317,0.1901659200907102
13.156578289144571,0.45409481220772885
13.206603301650825,0.5721252475438507
13.256628314157078,0.5119575928295252
13.30665332666333,0.8377377892196627
13.356678339169584,0.567555691651149
13.406703351675837,0.7008607198654522
13.45672836418209,0.7903709275649407
13.506753376688343,0.9519111187879339
13.556778389194596,0.6926634358866417
13.60680340170085,0.9789396074051655
13.656828414207103,0.8878618533647324
13.706853426713355,0.810684144884043
13.756878439219609,0.9747679330834235
13.806903451725862,0.9658628983341668
13.856928464232116,0.9009678188228738
13.906953476738368,0.9805979162323358
13.956978489244621,0.9452785771670127
14.007003501750875,1.0028924276695856
14.057028514257128,1.0630037018612932
14.10705352676338,1.1581483070136331
14.157078539269634,0.8760202207970473
14.207103551775887,1.210858769348318
14.25712856428214,0.797604449350566
14.307153576788393,0.9704085183327655
14.357178589294646,1.034726627943531
14.4072036018009,0.9918603039447416
14.457228614307153,0.8869460639835004
14.507253626813405,0.9114837701952584
14.557278639319659,0.8637432950558451
14.607303651825912,0.8325698897811381
14.657328664332166,0.9526990209964387
14.707353676838418,0.8775017405208083
14.757378689344671,0.7444644457474136
14.807403701850925,0.8736346063817122
14.857428714357178,0.7823630462340418
14.90745372686343,0.7989972103366996
14.957478739369684,0.7449560883564721
15.007503751875937,0.5616695753966043
15.057528764382191,0.5495141458277968
15.107553776888443,0.6397097541137023
15.157578789394696,0.5840519942288563
15.20760380190095,0.4776508093616388
15.257628814407203,0.4469994058316038
15.307653826913455,0.5174698273065634
15.357678839419709,0.28400783909725996
15.407703851925962,0.3504777644244398
15.457728864432216,0.22741180369131936
15.507753876938468,0.1771064232466413
15.557778889444721,0.2594981232635688
15.607803901950975,0.1825336201090043
15.657828914457228,0.131464318004113
15.70785392696348,0.13065722170070096
15.757878939469734,-0.04779456183920198
15.807903951975987,-0.03157909970155878
15.857928964482241,-0.18043088976925664
15.907953976988493,-0.16624358977780634
15.957978989494746,-0.26043349746171063
16.008004002000998,-0.2858595246431402
16.05802901450725,-0.2834438646934258
16.108054027013505,-0.47132400366222227
16.15807903951976,-0.22583104980297256
16.208104052026012,-0.5801508216536282
16.258129064532266,-0.6442474286777758
16.30815407703852,-0.4489888573025477
16.35817908954477,-0.5261919343197313
16.408204102051023,-0.5819898869294291
16.458229114557277,-0.6189987020115321
16.50825412706353,-0.718783381334136
16.558279139569784,-0.8412142747519561
16.608304152076037,-0.7759583052633481
16.65832916458229,-0.8813444573697586
16.708354177088545,-0.7441701562776705
16.758379189594795,-0.8823358392792953
16.80840420210105,-0.9739569991198239
16.858429214607302,-0.9450927586935916
16.908454227113555,-0.8909237310631688
16.95847923961981,-1.005519645712394
17.008504252126063,-1.04592479660112
17.058529264632316,-0.9514784374417955
17.10855427713857,-0.9610533529103441
17.15857928964482,-1.0434813525316353
17.208604302151073,-1.0446439571806805
17.258629314657327,-0.9765923990180408
17.30865432716358,-1.1443616199143012
17.358679339669834,-1.13755449408981
17.408704352176088,-1.0634134756499425
17.45872936468234,-1.005193819584778
17.508754377188595,-0.9425768279176503
17.558779389694845,-0.8135143459810092
17.6088044022011,-0.8602618607143642
17.658829414707352,-0.9446325886557023
17.708854427213605,-0.9108278334902011
17.75887943971986,-0.9871925109591158
17.808904452226113,-0.8645851447748177
17.858929464732366,-0.8652354089194012
17.90895447723862,-0.7756408229347551
17.95897948974487,-0.8601575258653226
18.009004502251123,-0.6930764071947457
18.059029514757377,-0.5574497916265424
18.10905452726363,-0.6855341056093127
18.159079539769884,-0.5967333453112974
18.209104552276138,-0.5285430227152056
18.25912956478239,-0.5968372966956336
18.309154577288645,-0.4920709385025745
18.359179589794895,-0.46969866462215837
18.40920460230115,-0.4164896855832946
18.459229614807402,-0.45779117731499075
18.509254627313656,-0.33132010611035545
18.55927963981991,-0.23641713032833328
18.609304652326163,-0.09283232546934625
18.659329664832416,-0.09315399257589542
18.70935467733867,0.07557585870788475
18.75937968984492,-0.16678882252732385
18.809404702351173,0.047091631714867334
18.859429714857427,0.028207833457646637
18.90945472736368,0.2788432874141587
18.959479739869934,0.028872750748894283
19.009504752376188,0.07529550659426207
19.05952976488244,0.14849505321188428
19.109554777388695,0.04468987376585029
19.159579789894945,0.25250586482532295
19.2096048024012,0.2764067141427461
19.259629814907452,0.4137164746908288
19.309654827413706,0.47821232722792395
19.35967983991996,0.6759024761426402
19.409704852426213,0.6263547583036411
19.459729864932466,0.5153196582249652
19.509754877438716,0.5234325463182976
19.55977988994497,0.7011955209228709
19.609804902451224,0.5570785733843286
19.659829914957477,0.9076219417990733
19.70985492746373,0.8759816237558693
19.759879939969984,0.7427849979667337
19.809904952476238,0.6480782417082266
19.85992996498249,0.9824179618062414
19.90995497748874,0.8610965156681857
19.959979989994995,1.0196688032561316
20.01000500250125,0.7575395862189871
20.060030015007502,0.8758457582975124
20.110055027513756,0.952767228016149
20.16008004002001,0.9710180222448739
20.210105052526263,0.9329728072818325
20.260130065032516,1.0494768543981465
20.310155077538766,0.8871723906230612
20.36018009004502,0.9839522533398191
20.410205102551274,1.0119780813291614
20.460230115057527,1.0506488666429323
20.51025512756378,1.0671229451976287
20.560280140070034,0.8777618466661745
20.610305152576288,0.8286017114073516
20.66033016508254,1.0991109060518238
20.71035517758879,0.9914744390795214
20.760380190095045,0.867896693287913
20.8104052026013,1.0800041235136917
20.860430215107552,0.9162859147734064
20.910455227613806,1.0002141076229543
20.96048024012006,0.864394717295541
21.010505252626313,1.0369303362376308
21.060530265132567,0.9775235185991799
21.110555277638817,0.7462203485525448
21.16058029014507,0.8354718687882587
21.210605302651324,0.7682031301141239
21.260630315157577,0.8041188952453868
21.31065532766383,0.5326841372265785
21.360680340170084,0.6581281860718656
21.410705352676338,0.6542370706629821
21.46073036518259,0.33002018284157353
21.51075537768884,0.34380205270208647
21.560780390195095,0.21328222388416568
21.61080540270135,0.34429845621816724
21.660830415207602,0.39609823032587244
21.710855427713856,0.4268730728124351
21.76088044022011,0.23564806732834304
21.810905452726363,0.3421303171314818
21.860930465232617,-0.008159736825529701
21.910955477738867,-0.09023107164989101
21.96098049024512,0.024608739139225913
22.011005502751374,0.018550922168450282
22.061030515257627,-0.073094550917448
22.11105552776388,-0.3263640385476279
22.161080540270135,-0.17802729850670007
22.211105552776388,-0.3486345875256629
22.26113056528264,-0.19974682439723335
22.31115557778889,-0.27791338317193476
22.361180590295145,-0.45563325902765817
22.4112056028014,-0.45919921546752873
22.461230615307652,-0.5588807804658285
22.511255627813906,-0.50324094709727
22.56128064032016,-0.4442289977912018
22.611305652826413,-0.6797356001565871
22.661330665332663,-0.5707240514361458
22.711355677838917,-0.712566120670767
22.76138069034517,-0.7755891410896798
22.811405702851424,-0.742024259536212
22.861430715357677,-0.8680350703533333
22.91145572786393,-0.8511525923567757
22.961480740370185,-0.9448612299428786
23.011505752876438,-0.6558223889712954
23.061530765382688,-0.8738575838080799
23.11155577788894,-0.9702503294409717
23.161580790395195,-0.8995211501690024
23.21160580290145,-0.9504891874991729
23.261630815407702,-0.9773405830462774
23.311655827913956,-0.9074241931698388
23.36168084042021,-0.9042633117457085
23.411705852926463,-1.0417854414103798
23.461730865432713,-1.0525645985571237
23.511755877938967,-1.0262459650057636
23.56178089044522,-1.230192103023676
23.611805902951474,-1.1502763040196637
23.661830915457728,-0.8583281117278713
23.71185592796398,-0.8242875987745014
23.761880940470235,-1.0049828869712183
23.81190595297649,-0.9112663607938226
23.86193096548274,-0.9242155920783165
23.911955977988992,-0.6314808339856447
23.961980990495245,-0.8090894487078373
24.0120060030015,-0.9132122829568831
24.062031015507753,-0.9730953176450521
24.112056028014006,-1.0131110646331314
24.16208104052026,-0.8049123740408973
24.212106053026513,-0.8716213362840447
24.262131065532763,-0.906947615101583
24.312156078039017,-0.7962021951586202
24.36218109054527,-0.8046920589308012
24.412206103051524,-0.4910727245766194
24.462231115557778,-0.5332217682765102
24.51225612806403,-0.5822271692599776
24.562281140570285,-0.3920249263768612
24.61230615307654,-0.48952082702621225
24.66233116558279,-0.5393802667126538
24.712356178089042,-0.2557996005668994
24.762381190595296,-0.30806007753918163
24.81240620310155,-0.4186091765704271
24.862431215607803,-0.28606407328830996
24.912456228114056,-0.3060695709154757
24.96248124062031,-0.30771855675170523
25.012506253126563,-0.027327735025478334
25.062531265632813,0.12078936936672764
25.112556278139067,-0.1600403373225447
25.16258129064532,0.08613255738229883
25.212606303151574,0.014715942294796253
25.262631315657828,0.08081261785796595
25.31265632816408,0.11970665148197823
25.362681340670335,0.1415201351786012
25.41270635317659,0.28117429386146703
25.46273136568284,0.2409386858887776
25.512756378189092,0.3979802207261313
25.562781390695346,0.41188349700961613
25.6128064032016,0.4379421793097887
25.662831415707853,0.4148547869168701
25.712856428214106,0.49044316017392786
25.76288144072036,0.6647971698879789
25.81290645322661,0.6790132082676634
25.862931465732864,0.5692558582095382
25.912956478239117,0.7133656572482218
25.96298149074537,0.8132322091648316
26.013006503251624,0.6039673436385847
26.063031515757878,0.8561294698013038
26.11305652826413,0.7644105822690126
26.163081540770385,0.9145340054592175
26.213106553276635,0.8058040201993762
26.26313156578289,0.7240904515456436
26.313156578289142,0.7620099058231364
26.363181590795396,0.9474443908296958
26.41320660330165,0.9841214366873428
26.463231615807903,0.8808335442130543
26.513256628314156,1.0458103866453858
26.56328164082041,0.8240282464270338
26.61330665332666,0.9893239734438923
26.663331665832914,0.878090232115232
26.713356678339167,0.9347681820205761
26.76338169084542,1.0029497412117194
26.813406703351674,0.9079291176468172
26.863431715857928,0.9487885856072102
26.91345672836418,1.0786770416702203
26.963481740870435,0.9087151385360825
27.013506753376685,1.0359121770982305
27.06353176588294,0.8229281777340637
27.113556778389192,0.9700935780210229
27.163581790895446,1.0401897205004478
27.2136068034017,0.6255462502969873
27.263631815907953,0.7675155118818217
27.313656828414207,0.877286897169695
27.36368184092046,0.7695992208555746
27.41370685342671,0.7953660983628027
27.463731865932964,0.6643036137713615
27.513756878439217,0.6979985423346668
27.56378189094547,0.636684557361326
27.613806903451724,0.7303112821895454
27.663831915957978,0.5987209079644915
27.71385692846423,0.5653505052766139
27.763881940970485,0.4473839297221114
27.813906953476735,0.39556999473347787
27.86393196598299,0.35572208282833856
27.913956978489242,0.39207216557008573
27.963981990995496,0.26329528737715907
28.01400700350175,0.2863739162442337
28.064032016008003,0.4162952047820331
28.114057028514257,0.2467039884670378
28.16408204102051,0.07742626332000943
28.21410705352676,0.18031181776332988
28.264132066033014,-0.03060589798860832
28.314157078539267,-0.24362512473560044
28.36418209104552,-0.19053600233205276
28.414207103551774,-0.3264967672731981
28.464232116058028,-0.22391030751425658
28.51425712856428,-0.23578623398196236
28.564282141070535,-0.11825891277051465
28.614307153576785,-0.3007691560090878
28.66433216608304,-0.4020968806513439
28.714357178589292,-0.34301998418118673
28.764382191095546,-0.6917820429532596
28.8144072036018,-0.4906374227703008
28.864432216108053,-0.4793562103885578
28.914457228614307,-0.7451529969460944
28.964482241120557,-0.522276192038523
29.01450725362681,-0.6405662900121435
29.064532266133064,-0.7520216813542644
29.114557278639317,-0.6815140235244312
29.16458229114557,-0.5501587892791993
29.214607303651825,-0.7895327053453379
29.264632316158078,-0.8113676303661806
29.31465732866433,-0.9085040071808345
29.36468234117058,-0.9717724546888368
29.414707353676835,-0.825755810680295
29.46473236618309,-1.0141253765946217
29.514757378689342,-0.9387648409617828
29.564782391195596,-1.008725003412884
29.61480740370185,-0.9256947693264291
29.664832416208103,-0.9504241249013373
29.714857428714357,-0.8877725007469929
29.764882441220607,-1.0477835152975052
29.81490745372686,-1.0265308208206336
29.864932466233114,-1.0976803132913182
29.914957478739368,-1.041992392632932
29.96498249124562,-0.9550962593482609
30.015007503751875,-0.9099066574047465
30.06503251625813,-1.0681352965641262
30.115057528764382,-0.8768296879409286
30.165082541270632,-0.8136866258295945
30.215107553776885,-0.8909920475599509
30.26513256628314,-0.7254083978891381
30.315157578789393,-0.9689348124161649
30.365182591295646,-0.9922586211471168
30.4152076038019,-1.0197312328713612
30.465232616308153,-0.6642145190591864
30.515257628814407,-0.7183059680274447
30.565282641320657,-0.7572636760301943
30.61530765382691,-0.6897902701521181
30.665332666333164,-0.7946220722771975
30.715357678839418,-0.4000774708955411
30.76538269134567,-0.5926971438571088
30.815407703851925,-0.5541311284839431
30.86543271635818,-0.45053149606013065
30.915457728864432,-0.4317359796088733
30.965482741370682,-0.41297670233229283
31.015507753876935,-0.4688514774786583
31.06553276638319,-0.29612084148568196
31.115557778889443,-0.10767002393900871
31.165582791395696,-0.11319499833391672
31.21560780390195,-0.03966303661096651
31.265632816408203,-0.20085011500291325
31.315657828914457,-0.199061259633108
31.365682841420707,-0.06280124971676342
31.41570785392696,0.005353809259640561
31.465732866433214,0.15920489275335853
31.515757878939468,-0.06958086211992294
31.56578289144572,0.30225113139856374
31.615807903951975,0.18275227233414748
31.66583291645823,0.20462514213767233
31.715857928964482,0.1942442257329483
31.765882941470732,0.1773711885277089
31.815907953976986,0.4717182855550345
31.86593296648324,0.442303121222983
31.915957978989493,0.35045704230194197
31.965982991495746,0.3932274806728525
32.016008004001996,0.5311312401199306
32.06603301650825,0.7721733223227139
32.1160580290145,0.6183591180145283
32.16608304152076,0.5314389697851598
32.21610805402701,0.6929082375706085
32.266133066533264,0.7241443388800881
32.31615807903952,0.5137821538589846
32.36618309154577,0.8081352254479801
32.416208104052025,0.818529630351761
32.46623311655828,0.9371963669681088
32.51625812906453,1.0762533299315553
32.566283141570786,1.0255660541139162
32.61630815407704,0.9052884313472758
32.66633316658329,0.8384601697696186
32.71635817908954,1.221009540023655
32.76638319159579,0.9817451101402089
32.816408204102046,0.9869244126308034
32.8664332166083,0.9903614113254716
32.91645822911455,1.0173409321746032
32.96648324162081,0.98535914466889
33.01650825412706,0.9421902473341363
33.066533266633314,0.9421309457737144
33.11655827913957,0.9883078889113198
33.16658329164582,0.9295261934369967
33.216608304152075,0.9024079271209893
33.26663331665833,0.9717232037792605
33.31665832916458,0.9205655314562803
33.366683341670836,1.0790785928655588
33.41670835417709,0.6438748169165148
33.46673336668334,0.9961407573985184
33.51675837918959,0.9873976344470708
33.56678339169584,0.6290904537995712
33.6168084042021,0.7737083496160971
33.66683341670835,0.7403591118059326
33.716858429214604,0.604332820828958
33.76688344172086,0.633018928162433
33.81690845422711,0.5636812100873277
33.866933466733364,0.812215853689928
33.91695847923962,0.6912129300870601
33.96698349174587,0.6839615856062827
34.017008504252125,0.5867411501552362
34.06703351675838,0.3581491805350767
34.11705852926463,0.3739041763324581
34.167083541770886,0.42952876967564285
34.21710855427714,0.21166141138484143
34.26713356678339,0.35762156744635754
34.31715857928964,0.2140203455278588
34.36718359179589,0.15170636193483694
34.41720860430215,0.21094665114820355
34.4672336168084,0.13458929356832033
34.517258629314654,0.004153067997035263
34.56728364182091,0.10616868316702215
34.61730865432716,-0.16786018160108188
34.667333666833414,-0.048000336881033785
34.71735867933967,-0.09984961876836897
34.76738369184592,-0.23928202098172624
34.817408704352175,-0.22436047637134507
34.86743371685843,-0.43008859451357345
34.91745872936468,-0.25981494627346263
34.967483741870936,-0.41706703163081854
35.01750875437719,-0.4962110585863949
35.06753376688344,-0.38328904658939733
35.11755877938969,-0.6016541093056539
35.16758379189594,-0.713766539777221
35.2176088044022,-0.7688505619500683
35.26763381690845,-0.5913197006702359
35.317658829414704,-0.8170655896907156
35.36768384192096,-0.5489212739480219
35.41770885442721,-0.9661592345649692
35.467733866933465,-0.6199898420370732
35.51775887943972,-0.7982272650255494
35.56778389194597,-0.8566439109761537
35.617808904452225,-0.9269889879712669
35.66783391695848,-0.8559249770760444
35.71785892946473,-0.9207021977039825
35.767883941970986,-0.8254145158128904
35.81790895447724,-0.9407867011261482
35.867933966983486,-0.9512616427428477
35.91795897948974,-1.0143177501600695
35.96798399199599,-0.9928689736416447
36.01800900450225,-0.963142226034757
36.0680340170085,-1.1692004598271681
36.118059029514754,-1.1347659449112473
36.16808404202101,-0.9248829269914896
36.21810905452726,-0.9788847244551372
36.268134067033515,-1.008639633540285
36.31815907953977,-0.9801903742649727
36.36818409204602,-0.9366110358133537
36.418209104552275,-1.0122502667893294
36.46823411705853,-1.020612280535825
36.51825912956478,-0.9053459704540664
36.568284142071036,-1.0026023040510723
36.61830915457729,-0.8415105770040421
36.668334167083536,-1.0279574525904078
36.71835917958979,-0.7280008220132796
36.76838419209604,-0.7547949948688245
36.8184092046023,-0.7455834020819871
36.86843421710855,-0.6401194166007318
36.918459229614804,-0.5371957767020822
36.96848424212106,-0.5659001693045368
37.01850925462731,-0.8133488893013855
37.068534267133565,-0.7175690535731791
37.11855927963982,-0.6109679095521936
37.16858429214607,-0.5033793404888727
37.218609304652325,-0.4104589641974773
37.26863431715858,-0.4898791909032266
37.31865932966483,-0.35266398817802613
37.368684342171086,-0.39998572596669435
37.41870935467734,-0.3378942201343334
37.468734367183586,-0.369011152562093
37.51875937968984,-0.2716996557901804
37.56878439219609,-0.26512728404165997
37.61880940470235,-0.17780348669587553
37.6688344172086,0.07509137957950869
37.718859429714854,-0.07519358570593904
37.76888444222111,0.33295420806304293
37.81890945472736,0.16884306202477878
37.868934467233615,0.1874911398462069
37.91895947973987,0.1322451515376834
37.96898449224612,0.3366396854421772
38.019009504752376,0.2569056331824079
38.06903451725863,0.37374431937299724
38.11905952976488,0.6637211396213167
38.169084542271136,0.44325595470461765
38.21910955477739,0.6118054846402625
38.269134567283636,0.46933353761333874
38.31915957978989,0.5775751627073551
38.36918459229614,0.798123071370526
38.4192096048024,0.5967614608664468
38.46923461730865,0.8774682301107095
38.519259629814904,0.8020218385340278
38.56928464232116,0.7081936735638952
38.61930965482741,0.8589622167207002
38.669334667333665,0.9222671002695557
38.71935967983992,0.9144187013231219
38.76938469234617,0.7203090011764122
38.819409704852426,0.8275164578096508
38.86943471735868,0.8961246561302987
38.91945972986493,0.9317755063939949
38.969484742371186,1.0172784818601999
39.01950975487743,0.9865838754594755
39.069534767383686,0.8464578900243467
39.11955977988994,1.0267387402830073
39.16958479239619,1.0560304039033719
39.21960980490245,1.0547143486997526
39.2696348174087,1.1080780351946777
39.319659829914954,1.0821548568766701
39.36968484242121,1.040944443930178
39.41970985492746,0.9817841231614003
39.469734867433715,0.8140048996514619
39.51975987993997,1.0119109204870282
39.56978489244622,0.9761416815530113
39.619809904952476,0.9665642868571703
39.66983491745873,0.7934146597831684
39.71985992996498,0.7923624299612343
39.769884942471236,0.9829089827962495
39.81990995497748,0.8485680736208608
39.869934967483736,0.8934705532810635
39.91995997998999,0.798884280314821
39.969984992496244,0.7677683084841209
40.0200100050025,0.8254478309057941
40.07003501750875,0.6450112359960128
40.120060030015004,0.6694811264199686
40.17008504252126,0.5752438805722646
40.22011005502751,0.5380692383524176
40.270135067533765,0.5091941518162978
40.32016008004002,0.5195658965396531
40.37018509254627,0.40547444634500107
40.420210105052526,0.5337874392811475
40.47023511755878,0.2725922768703167
40.52026013006503,0.2963011736461766
40.57028514257129,0.22316246866917994
40.62031015507753,0.3633122314899689
40.67033516758379,0.1892018202900056
40.72036018009004,0.22323849460423695
40.770385192596294,-0.07829467144166218
40.82041020510255,0.04699792511840814
40.8704352176088,0.059236738336123085
40.920460230115054,-0.07144280734386746
40.97048524262131,-0.022868698041933033
41.02051025512756,-0.23056731174592926
41.070535267633815,-0.08687800362997838
41.12056028014007,-0.046327233250989
41.17058529264632,-0.3602141100854654
41.220610305152576,-0.41538324757907136
41.27063531765883,-0.271469472370667
41.32066033016508,-0.3037827850547986
41.37068534267134,-0.5578028176242845
41.42071035517758,-0.5900475189170804
41.47073536768384,-0.6173481631781443
41.52076038019009,-0.7632815276427632
41.570785392696344,-0.7587951091200843
41.6208104052026,-0.8037687837427934
41.67083541770885,-0.8147994767333513
41.720860430215104,-0.7743067115052772
41.77088544272136,-0.7783066302064948
41.82091045522761,-0.6755620271571339
41.870935467733865,-0.9572532786516935
41.92096048024012,-0.7836461904583133
41.97098549274637,-0.9259309278272713
42.021010505252626,-0.9296689063474268
42.07103551775888,-0.8751174408137049
42.12106053026513,-1.0703900819719259
42.17108554277138,-0.932998203168021
42.22111055527763,-0.9652852338955861
42.27113556778389,-0.9409198348447568
42.32116058029014,-0.9670052304106818
42.371185592796394,-0.753657437160213
42.42121060530265,-1.0637268588637983
42.4712356178089,-1.0513161031249754
42.521260630315155,-1.056296489922447
42.57128564282141,-1.04280925462953
42.62131065532766,-1.041809252200127
42.671335667833915,-0.8475307701438239
42.72136068034017,-0.8103258876043435
42.77138569284642,-0.9930120043995119
42.821410705352676,-1.0003922983219649
42.87143571785893,-0.8489398434971265
42.92146073036518,-0.9279863839101188
42.97148574287143,-0.7839699397431998
43.02151075537768,-0.7993500260487315
43.07153576788394,-0.9415452175009139
43.12156078039019,-0.6035722725439681
43.171585792896444,-0.5451897035494127
43.2216108054027,-0.7506976393213419
43.27163581790895,-0.6911053136756179
43.321660830415205,-0.585032876472465
43.37168584292146,-0.5399227308772045
43.42171085542771,-0.465828420620505
43.471735867933965,-0.2876465721481588
43.52176088044022,-0.4621232917641844
43.57178589294647,-0.4789078850481837
43.621810905452726,-0.4906611893817546
43.67183591795898,-0.37859085497472267
43.72186093046523,-0.2608147831416604
43.77188594297148,-0.02940626929629722
43.82191095547773,-0.21146058665041018
43.87193596798399,-0.08775849782788532
43.92196098049024,-0.06194185753492435
43.971985992996494,0.10852835279687066
44.02201100550275,0.2923966592716836
44.072036018009,0.03653159346834642
44.122061030515255,0.09036535695924378
44.17208604302151,0.2930676702771597
44.22211105552776,0.30571101039730864
44.272136068034015,0.47046859791550644
44.32216108054027,0.39175162722617074
44.37218609304652,0.3441564858798705
44.422211105552776,0.4849270974692114
44.47223611805903,0.5814423946391629
44.52226113056528,0.5961533150369557
44.57228614307153,0.6070792796715527
44.62231115557778,0.7038741438710411
44.67233616808404,0.7534968331255332
44.72236118059029,0.8125510937374768
44.772386193096544,0.7752869307458574
44.8224112056028,0.7280074347989566
44.87243621810905,0.7918306396341662
44.922461230615305,0.9283057588152381
44.97248624312156,0.7544361498920933
45.02251125562781,0.8993799228388512
45.072536268134066,0.847403596387257
45.12256128064032,0.9116182461090971
45.17258629314657,1.0563215775102652
45.222611305652826,0.964995896083698
45.27263631815908,0.965572654260906
45.322661330665326,0.837582170331069
45.37268634317158,1.0583960788479394
45.42271135567783,1.0560607034610652
45.47273636818409,1.2130985768284417
45.52276138069034,0.9687621937382039
45.572786393196594,1.0217211335597294
45.62281140570285,1.0225090578127094
45.6728364182091,1.1505847041093373
45.722861430715355,0.9760944452801862
45.77288644322161,1.003844761907139
45.82291145572786,1.024609082180858
45.872936468234116,0.9679457084215366
45.92296148074037,0.8877317079321099
45.97298649324662,0.9325415581416118
46.023011505752876,0.9989685838630786
46.07303651825913,0.7651959500216475
46.123061530765376,0.8552151813874471
46.17308654327163,0.7438704039192435
46.22311155577788,0.903315102009806
46.27313656828414,0.5994586242665632
46.32316158079039,0.6619710738067689
46.373186593296644,0.7198743102825684
46.4232116058029,0.8012886564419565
46.47323661830915,0.5991312409140191
46.523261630815405,0.5096408628624962
46.57328664332166,0.7113170499045566
46.62331165582791,0.33513144102874615
46.673336668334166,0.21558294115268703
46.72336168084042,0.4339061664855802
46.77338669334667,0.2931649498785358
46.823411705852926,0.19385363561522456
46.87343671835918,0.3186785787322445
46.92346173086543,0.2234689239786583
46.97348674337168,0.09342879179099978
47.023511755877934,-0.02782087105953561
47.07353676838419,0.13757749323712742
47.12356178089044,0.0653481407464414
47.173586793396694,-0.059594121592776786
47.22361180590295,0.08510689592425098
47.2736368184092,-0.2561964596428068
47.323661830915455,-0.350998414076123
47.37368684342171,-0.3163981102712678
47.42371185592796,-0.2999088034787708
47.473736868434216,-0.3184201951601803
47.52376188094047,-0.41342412010898
47.57378689344672,-0.3996673267850618
47.62381190595298,-0.6045111177354059
47.67383691845923,-0.3782656817025656
47.72386193096548,-0.5728345865332328
47.77388694347173,-0.49345454547642176
47.823911955977984,-0.6099620953262472
47.87393696848424,-0.6359979471899345
47.92396198099049,-0.6604296473079133
47.973986993496744,-0.7065736891210802
48.024012006003,-0.7191305898700615
48.07403701850925,-0.680585875241199
48.124062031015505,-0.8219119100936815
48.17408704352176,-0.7966209737133403
48.22411205602801,-0.900281720205606
48.274137068534266,-0.7688531953307942
48.32416208104052,-0.9997769433761119
48.37418709354677,-0.7689842762174208
48.42421210605303,-0.9676601458961458
48.47423711855927,-1.1188768734319319
48.52426213106553,-0.9727025035842495
48.57428714357178,-1.0608659589568494
48.624312156078034,-0.913460418751964
48.67433716858429,-1.0650553649460006
48.72436218109054,-1.0441780416510809
48.774387193596795,-1.185779624320511
48.82441220610305,-1.0368279984112236
48.8744372186093,-1.2262761575874548
48.924462231115555,-1.1321076970075996
48.97448724362181,-0.8850689172396013
49.02451225612806,-0.8675186561864706
49.074537268634316,-0.8861740850739454
49.12456228114057,-1.0057149862574548
49.17458729364682,-0.8918116949270425
49.22461230615308,-0.8632046428130554
49.27463731865932,-0.9523258679727455
49.32466233116558,-0.657701699243252
49.37468734367183,-0.6898357269479647
49.424712356178084,-0.7672533304577687
49.47473736868434,-0.7081889185188461
49.52476238119059,-0.6539812096426324
49.574787393696845,-0.8412465804008804
49.6248124062031,-0.622450490765254
49.67483741870935,-0.6250953208495958
49.724862431215605,-0.6148296956557372
49.77488744372186,-0.4992608342701925
49.82491245622811,-0.24668645270046344
49.874937468734366,-0.3166081374994194
49.92496248124062,-0.39109515599848865
49.97498749374687,-0.22916820784664144
50.02501250625313,-0.098223537933854
50.07503751875937,-0.09683243964206373
50.12506253126563,-0.13399588294843925
50.17508754377188,-0.1549655352935323
50.225112556278134,0.02946339464187611
50.27513756878439,0.04900349988043227
50.32516258129064,0.14916402487818184
50.375187593796895,0.17300239472446335
50.42521260630315,0.264007067947182
50.4752376188094,0.1546969126976633
50.525262631315655,0.38860751448547787
50.57528764382191,0.32463306357978333
50.62531265632816,0.559641399141792
50.675337668834416,0.32955775335570553
50.72536268134067,0.6174371584278076
50.77538769384692,0.5078856186348513
50.82541270635318,0.4659852993053126
50.87543771885942,0.5244422062355734
50.92546273136568,0.5810665375918558
50.97548774387193,0.694254374683565
51.025512756378184,0.741226955361755
51.07553776888444,0.666955310024884
51.12556278139069,0.7554595075815261
51.175587793896945,1.0037954209756879
51.2256128064032,0.9920206360889313
51.27563781890945,0.8905468320299926
51.325662831415706,0.8762439957730186
51.37568784392196,0.9077931269253877
51.42571285642821,0.9782468891351959
51.475737868934466,0.8334268797291036
51.52576288144072,0.9264384088139442
51.57578789394697,0.7994052559694603
51.62581290645322,1.017856004016228
51.67583791895947,1.0518765435438384
51.72586293146573,0.9455917141738769
51.77588794397198,1.1555757036763306
51.825912956478234,0.8773697089883241
51.87593796898449,0.8527761895834843
51.92596298149074,1.0184262490958345
51.975987993996995,1.0949663623825068
52.02601300650325,1.1504471640672402
52.0760380190095,0.9255067509370175
52.126063031515756,1.0661736315217536
52.17608804402201,0.9389674108261679
52.22611305652826,0.9077093249141878
52.276138069034516,0.9931775841668121
52.32616308154077,0.9476195932270275
52.37618809404702,0.7001160892261074
52.42621310655327,0.9786312527808634
52.47623811905952,0.9401291776912152
52.52626313156578,0.7086997082554631
52.57628814407203,0.7780426008137166
52.626313156578284,0.7532239173557769
52.67633816908454,0.6934859807246214
52.72636318159079,0.5743159261442063
52.776388194097045,0.5225373298843214
52.8264132066033,0.5460220679306856
52.87643821910955,0.6233556554126436
52.926463231615806,0.5166818384534548
52.97648824412206,0.38034273931790974
53.02651325662831,0.44861205621413747
53.076538269134566,0.039696594774528415
53.12656328164082,0.3917240787960779
53.176588294147074,0.05448011586038767
53.22661330665332,0.14323980349898563
53.276638319159574,0.018100246947759427
53.32666333166583,-0.04914299802045094
53.37668834417208,0.14646476950958967
53.426713356678334,-0.06640710352414328
53.47673836918459,-0.03495653804401117
53.52676338169084,-0.12409477178884673
53.576788394197095,-0.12119567565514443
53.62681340670335,-0.21029202992315052
53.6768384192096,-0.3948025349537486
53.726863431715856,-0.21473893812640998
53.77688844422211,-0.41081704941571384
53.82691345672836,-0.563271032846598
53.87693846923462,-0.4955759717596513
53.92696348174087,-0.3467072816496005
53.976988494247124,-0.45453694974741565
54.02701350675337,-0.6158502344848569
54.077038519259624,-0.6558830756330133
54.12706353176588,-0.6915394716945426
54.17708854427213,-0.48847008407883946
54.227113556778384,-0.6929785124706654
54.27713856928464,-0.7213656903369119
54.32716358179089,-0.6926268688918458
54.377188594297145,-0.8010709441637339
54.4272136068034,-0.8780847123330541
54.47723861930965,-0.8969139817452655
54.527263631815906,-0.9073426873213093
54.57728864432216,-0.9245561107699622
54.62731365682841,-0.8664183504854247
54.67733866933467,-0.9499843211165965
54.72736368184092,-0.8955226682539579
54.77738869434717,-0.988042215334883
54.82741370685342,-0.9808390528633052
54.877438719359674,-1.1947809408151975
54.92746373186593,-0.9070970331121189
54.97748874437218,-0.9653510791830636
55.027513756878434,-0.8989670621171277
55.07753876938469,-1.2846628594657243
55.12756378189094,-0.7799795361902692
55.177588794397195,-0.9940816540885095
55.22761380690345,-0.8581578467901649
55.2776388194097,-1.05939579943137
55.327663831915956,-0.8781664897068144
55.37768884442221,-1.02647364018443
55.42771385692846,-0.9628925294993946
55.47773886943472,-0.6862429754622033
55.52776388194097,-0.8716489752897036
55.57778889444722,-0.8036389322749297
55.62781390695347,-0.7091118410618921
55.677838919459724,-0.7152949469865754
55.72786393196598,-0.7166520946208229
55.77788894447223,-0.6601980504911612
55.827913956978485,-0.419609642955005
55.87793896948474,-0.62731894718747
55.92796398199099,-0.5614979054391653
55.977988994497245,-0.4351379420024233
56.0280140070035,-0.3868947817197176
56.07803901950975,-0.3347437344668398
56.128064032016006,-0.34443861807045395
56.17808904452226,-0.4764554192214313
56.22811405702851,-0.15174895799090954
56.27813906953477,-0.3818754796213916
56.32816408204102,-0.18845759139464324
56.37818909454727,-0.24508168459735394
56.42821410705352,-0.12657642476009995
56.478239119559774,-0.03749419517343023
56.52826413206603,0.011733504665304102
56.57828914457228,0.07180912380733617
56.628314157078535,0.2409333392892003
56.67833916958479,0.1746617434666633
56.72836418209104,0.15431522389875948
56.778389194597295,0.32411499725572157
56.82841420710355,0.39505900574900843
56.8784392196098,0.20106602516668276
56.928464232116056,0.4304714552813477
56.97848924462231,0.4868258014583042
57.02851425712856,0.43188665940299764
57.07853926963482,0.642993151984363
57.12856428214107,0.5329318159290524
57.17858929464732,0.6016389955821516
57.22861430715357,0.6114442736270351
57.278639319659824,0.6684063430386347
57.32866433216608,0.5936494703314309
57.37868934467233,0.5939408465354363
57.428714357178585,0.9302190708892547
57.47873936968484,0.7169666119401297
57.52876438219109,0.731411949837513
57.578789394697345,0.6420225889445383
57.6288144072036,0.818130739443718
57.67883941970985,0.7721764350425053
57.728864432216106,1.0888824261110748
57.77888944472236,1.0435445815622346
57.82891445722861,0.8892715271436926
57.87893946973487,1.1964567177721879
57.92896448224111,1.0800863056258736
57.97898949474737,0.9576665196484833
58.02901450725362,0.7459716529002479
58.079039519759874,1.2282772955244647
58.12906453226613,0.860996669445294
58.17908954477238,0.8336830545396926
58.229114557278635,1.0962514517021842
58.27913956978489,1.2312541742275864
58.32916458229114,1.1165205883479516
58.379189594797396,1.0228514214718611
58.42921460730365,1.0118850816953835
58.4792396198099,1.0213174315377813
58.529264632316156,0.9930931698072446
58.57928964482241,0.9242490715207577
58.62931465732866,0.8832375586152281
58.67933966983492,0.8410618826892619
58.72936468234116,0.7443085031302188
58.77938969484742,0.7619703354113707
58.82941470735367,0.589098383842647
58.879439719859924,0.7150188379304694
58.92946473236618,0.5906388580010257
58.97948974487243,0.5420590949429667
59.029514757378685,0.6316951628455972
59.07953976988494,0.7126582178970259
59.12956478239119,0.6236071109502054
59.179589794897446,0.331712359510677
59.2296148074037,0.34556370191845703
59.27963981990995,0.49325553360604135
59.329664832416206,0.25458283825748274
59.37968984492246,0.28313864784981246
59.42971485742871,0.312612947977874
59.47973986993497,0.11213453839524871
59.529764882441214,0.1703449440750309
59.57978989494747,-0.02315658136180819
59.62981490745372,0.00027194519233296466
59.679839919959974,0.042398503073310015
59.72986493246623,-0.1988935350293225
59.77988994497248,-0.045462095412975495
59.829914957478735,-0.14116480547868204
59.87993996998499,-0.13329520833324968
59.92996498249124,-0.21502423472229032
59.979989994997496,-0.1492790402715363
60.03001500750375,-0.3207332697513956
60.08004002001,-0.4229251117151215
60.13006503251626,-0.41353293110582595
60.18009004502251,-0.41614575257973024
60.230115057528764,-0.5091253020743494
60.28014007003502,-0.5522018475725744
60.330165082541264,-0.6673181390969445
60.38019009504752,-0.702773035947362
60.43021510755377,-0.8145149776238512
60.480240120060024,-0.5353813111975652
60.53026513256628,-0.8690325901618983
60.58029014507253,-0.8463809774103302
60.630315157578785,-0.879431110378659
60.68034017008504,-0.7465772972946676
60.73036518259129,-0.8919522241937877
60.780390195097546,-0.761912719628907
60.8304152076038,-0.976047186856455
60.88044022011005,-0.9005363611726
60.93046523261631,-1.0293852078971741
60.98049024512256,-0.7463838158885304
61.030515257628814,-1.092302647220565
61.08054027013506,-0.9527690262762776
61.130565282641314,-0.9281203755739462
61.18059029514757,-0.9553844119217391
61.23061530765382,-1.0180654611135302
61.280640320160074,-1.0127903178937931
61.33066533266633,-0.9931971531336283
61.38069034517258,-1.0075526319062398
61.430715357678835,-0.8892545545054106
61.48074037018509,-0.7549141426868772
61.53076538269134,-1.0195977494448007
61.580790395197596,-1.086299467110493
61.63081540770385,-0.9412427945801668
61.6808404202101,-0.6552061938762752
61.73086543271636,-0.972022371385825
61.78089044522261,-0.7039901181896191
61.830915457728864,-0.6742071284914238
61.88094047023511,-0.8693048350586823
61.930965482741364,-0.7269800272824557
61.98099049524762,-0.5890097492500417
62.03101550775387,-0.7558521498001249
62.081040520260125,-0.7025911058596608
62.13106553276638,-0.7029879218665727
62.18109054527263,-0.7072689378157994
62.231115557778885,-0.630178770869048
62.28114057028514,-0.6456885478921128
62.33116558279139,-0.4766204067944604
62.381190595297646,-0.5125592867688888
62.4312156078039,-0.3666268151858085
62.48124062031015,-0.4990626279435306
62.53126563281641,-0.26299333431009986
62.58129064532266,-0.16459596593124073
62.631315657828914,-0.39856956780510866
62.68134067033516,-0.11253910359342505
62.731365682841414,0.022448540437525574
62.78139069534767,-0.17140506437880892
62.83141570785392,0.16681987475577031
62.881440720360175,0.09146922986611244
62.93146573286643,0.02894681974338481
62.98149074537268,0.1435029570185004
63.031515757878935,0.2541714206549138
63.08154077038519,0.2547018936196387
63.13156578289144,0.34912133614106894
63.181590795397696,0.25058406106489284
63.23161580790395,0.4061358792371922
63.2816408204102,0.2934029534792378
63.33166583291646,0.46813860649087113
63.38169084542271,0.43215815594566453
63.431715857928964,0.49097622632975724
63.48174087043521,0.7287063977624888
63.531765882941464,0.7532820111344577
63.58179089544772,0.7425070770546616
63.63181590795397,0.6080989216388898
63.681840920460225,0.7196315404386251
63.73186593296648,0.9046446741924735
63.78189094547273,0.8276092260473404
63.831915957978985,1.07343791469192
63.88194097048524,0.9067987420254442
63.93196598299149,0.9104634821097582
63.981990995497746,0.8819086252583809
64.03201600800399,0.9454522052717098
64.08204102051025,0.9337968833885033
64.1320660330165,1.0344259981128066
64.18209104552275,1.0714456797148306
64.232116058029,0.9068954488781011
64.28214107053526,0.85962435915757
64.33216608304151,0.813896541967667
64.38219109554777,1.0505898689085174
64.43221610805402,0.8892262760694714
64.48224112056027,0.7815451913414146
64.53226613306653,1.0304693656378148
64.58229114557278,1.2332077192791966
64.63231615807904,0.9731352211341288
64.68234117058529,1.0449896506526473
64.73236618309154,0.9543170154484618
64.7823911955978,0.9188714120752146
64.83241620810405,1.0009705835643152
64.8824412206103,0.8580635813955818
64.93246623311656,0.8896388837021894
64.98249124562281,0.8687190916855858
65.03251625812906,0.7412968947909919
65.08254127063532,0.8768449392629762
65.13256628314157,0.7277338512706316
65.18259129564782,0.6353798834669272
65.23261630815408,0.7285511625301284
65.28264132066033,0.5473105719737315
65.33266633316659,0.6006385228448173
65.38269134567284,0.5560758096703851
65.43271635817908,0.6233509960116579
65.48274137068533,0.5187170699615757
65.53276638319159,0.42405130683742476
65.58279139569784,0.4625701590680754
65.63281640820409,0.47310107267527135
65.68284142071035,0.34231227474623105
65.7328664332166,0.23930053697828874
65.78289144572285,0.05821954767875179
65.8329164582291,0.03355581757224968
65.88294147073536,0.05985828111152591
65.93296648324161,-0.020483031838415086
65.98299149574787,-0.028242755690227102
66.03301650825412,-0.053870563706935
66.08304152076037,-0.05640725479245443
66.13306653326663,-0.16599372416966274
66.18309154577288,-0.15946332378512362
66.23311655827914,-0.2503149926965476
66.28314157078539,-0.5023156223365353
66.33316658329164,-0.44594651073655617
66.3831915957979,-0.4127850031509998
66.43321660830415,-0.5647122686658683
66.4832416208104,-0.4280062325690759
66.53326663331666,-0.37795936949789694
66.58329164582291,-0.4508649771229697
66.63331665832916,-0.6343591719880216
66.68334167083542,-0.5026822428039424
66.73336668334167,-0.6739974047184876
66.78339169584793,-0.7579585171431983
66.83341670835418,-0.8191638971317743
66.88344172086043,-0.8197482505720969
66.93346673336669,-0.8580212984713376
66.98349174587294,-0.8298146979732749
67.03351675837918,-0.8563328080865779
67.08354177088543,-0.8954367872709535
67.13356678339169,-0.8731576283262783
67.18359179589794,-0.8166029298179202
67.2336168084042,-0.8571872341923764
67.28364182091045,-1.1147252931182718
67.3336668334167,-1.2333029563712734
67.38369184592295,-0.8937074849517568
67.43371685842921,-1.1305861758425613
67.48374187093546,-1.0206469623887606
67.53376688344171,-1.1169564385275677
67.58379189594797,-1.1794160506271232
67.63381690845422,-0.9418445814838612
67.68384192096048,-0.9143562364683372
67.73386693346673,-1.0397260506031636
67.78389194597298,-1.2305253656993258
67.83391695847924,-1.0129612309671279
67.88394197098549,-0.9036742957448113
67.93396698349174,-1.0729047596716597
67.983991995998,-0.8865221517513745
68.03401700850425,-0.883969732563843
68.0840420210105,-0.7998823574674843
68.13406703351676,-0.819080003094577
68.18409204602301,-0.8994922259412554
68.23411705852926,-0.6516684219122907
68.28414207103552,-0.754388928418711
68.33416708354177,-0.7066290218431578
68.38419209604803,-0.7608268204061355
68.43421710855428,-0.6737596344843005
68.48424212106053,-0.678268240809203
68.53426713356679,-0.5659634977108797
68.58429214607303,-0.33500620739878234
68.63431715857928,-0.5996088885095096
68.68434217108553,-0.5788596702625861
68.73436718359179,-0.22442666848275897
68.78439219609804,-0.34558664477875134
68.8344172086043,-0.3438598482387582
68.88444222111055,-0.12456747312829006
68.9344672336168,-0.2401530159273832
68.98449224612305,0.05242532356898508
69.03451725862931,-0.012641549610886677
69.08454227113556,-0.07928252191353892
69.13456728364181,0.23525848470043437
69.18459229614807,0.00892635772234561
69.23461730865432,0.19350369163858416
69.28464232116058,0.19872124529957
69.33466733366683,0.348041634836447
69.38469234617308,0.42254904405502325
69.43471735867934,0.31746223548425656
69.48474237118559,0.2859976529348909
69.53476738369184,0.4535102095875247
69.5847923961981,0.3848954242608234
69.63481740870435,0.6980270882277626
69.6848424212106,0.5531205944491976
69.73486743371686,0.5443638682539472
69.78489244622311,0.6393396257580375
69.83491745872936,0.5245811296642836
69.88494247123562,0.5989049783850442
69.93496748374187,0.851138852452117
69.98499249624813,0.6986099219231943
70.03501750875438,0.6908978779943051
70.08504252126063,0.8785533302159726
70.13506753376689,0.9706936956786665
70.18509254627313,0.9491218410863147
70.23511755877938,0.9997397051861581
70.28514257128563,0.8451117346865737
70.33516758379189,0.796962682491723
70.38519259629814,1.1052799010654726
70.4352176088044,0.9364915811183827
70.48524262131065,0.9548654753911981
70.5352676338169,1.1215055909719382
70.58529264632315,1.0505729043938434
70.63531765882941,1.0443130625259809
70.68534267133566,1.2165001134411684
70.73536768384191,0.9344216698056689
70.78539269634817,1.0878322081973797
70.83541770885442,0.9945346196973739
70.88544272136068,1.00700360571144
70.93546773386693,1.1218499894107699
70.98549274637318,1.006221064807596
71.03551775887944,0.9933109539619978
71.08554277138569,1.0284253730873603
71.13556778389194,0.8640678991372085
71.1855927963982,0.7937775470082489
71.23561780890445,0.7481569518251246
71.2856428214107,0.6288082868365817
71.33566783391696,1.0018054890358306
71.38569284642321,0.6546127313166685
71.43571785892946,0.7096431488558531
71.48574287143572,0.6690912543396272
71.53576788394197,0.6907740161226853
71.58579289644823,0.7032164393483832
71.63581790895448,0.6677441010082601
71.68584292146073,0.4819876487279324
71.73586793396697,0.4808300533289074
71.78589294647323,0.48180221116208255
71.83591795897948,0.3835423363230513
71.88594297148573,0.5229914020767792
71.93596798399199,0.36429337577648946
71.98599299649824,0.3408340815524508
72.0360180090045,0.2851159570343428
72.08604302151075,0.28710924027222934
72.136068034017,0.13837329397800063
72.18609304652325,-0.05920368909137337
72.23611805902951,0.06048033015931062
72.28614307153576,-0.09464344456649249
72.33616808404201,-0.13231488571903482
72.38619309654827,-0.0705634876606139
72.43621810905452,-0.054794998839584746
72.48624312156078,-0.22547265280929774
72.53626813406703,-0.24512356353923528
72.58629314657328,-0.15350186098424512
72.63631815907954,-0.3465545787726111
72.68634317158579,-0.1564408179720137
72.73636818409204,-0.4049950497678191
72.7863931965983,-0.6814043962704723
72.83641820910455,-0.47251174339581786
72.8864432216108,-0.5508771526468956
72.93646823411706,-0.4996911526462322
72.98649324662331,-0.5994488189898468
73.03651825912956,-0.7170448409647044
73.08654327163582,-0.8603019641732579
73.13656828414207,-0.7916012228806371
73.18659329664833,-0.8866494259204725
73.23661830915458,-0.8885426281786081
73.28664332166083,-0.7984474753398033
73.33666833416707,-0.7149849371391911
73.38669334667333,-0.864971621565958
73.43671835917958,-1.0442275799612306
73.48674337168583,-0.898066077134796
73.53676838419209,-0.8383920833883098
73.58679339669834,-1.0321653755097315
73.6368184092046,-0.9952907640646543
73.68684342171085,-0.9886655234425138
73.7368684342171,-1.074392173375391
73.78689344672335,-0.9343505700494089
73.83691845922961,-1.0120497747105186
73.88694347173586,-0.9562761945210617
73.93696848424212,-1.0827555856190285
73.98699349674837,-1.03104214270279
74.03701850925462,-0.9058779260480005
74.08704352176088,-1.0037718993333766
74.13706853426713,-0.7797465861445529
74.18709354677338,-0.9759779836663834
74.23711855927964,-0.8947753971048623
74.28714357178589,-0.802919365210927
74.33716858429214,-1.014707379816436
74.3871935967984,-1.0234601405076516
74.43721860930465,-0.9723332175569741
74.4872436218109,-0.6638464604069241
74.53726863431716,-0.8136511433696939
74.58729364682341,-0.46910819312815166
74.63731865932967,-0.7460019187818061
74.68734367183592,-0.6340457575274071
74.73736868434217,-0.4595810773216211
74.78739369684843,-0.3729382729773578
74.83741870935468,-0.32571768879089913
74.88744372186092,-0.3680211848185124
74.93746873436717,-0.34221820424054716
74.98749374687343,-0.34002596932763146
75.03751875937968,-0.2750977768074076
75.08754377188593,-0.36082464269774983
75.13756878439219,-0.3395332755589777
75.18759379689844,-0.20941335535793912
75.2376188094047,-0.17693379051600017
75.28764382191095,-0.1556774468829366
75.3376688344172,0.009120894220625363
75.38769384692345,0.08500087621145572
75.43771885942971,0.048325594823808354
75.48774387193596,0.2371536746930512
75.53776888444222,0.024923836883400274
75.58779389694847,0.16907087679757363
75.63781890945472,0.16562719992414376
75.68784392196098,0.09893463607304276
75.73786893446723,0.32488455877030586
75.78789394697348,0.3677086648654008
75.83791895947974,0.5770087176521564
75.88794397198599,0.5334602372165962
75.93796898449224,0.41149883271846266
75.9879939969985,0.7415794068081638
76.03801900950475,0.7191346281341264
76.088044022011,0.6946083770409947
76.13806903451726,0.6515252883080453
76.18809404702351,0.614318096880859
76.23811905952977,0.7073526039052149
76.28814407203602,0.885896496950601
76.33816908454227,0.9959845264174337
76.38819409704853,0.9903340958190384
76.43821910955478,0.8135169682879195
76.48824412206102,0.7746746222429213
76.53826913456727,0.9227410988757423
76.58829414707353,0.7515512158842689
76.63831915957978,0.9781317759710956
76.68834417208603,0.9461081877686007
76.73836918459229,0.926914164380196
76.78839419709854,0.8242611538648756
76.8384192096048,1.0428438407905196
76.88844422211105,0.9434854429529237
76.9384692346173,0.882541677697074
76.98849424712355,0.7125841617662421
77.03851925962981,0.9948344087898825
77.08854427213606,1.1700906351507678
77.13856928464232,1.1517868435219083
77.18859429714857,0.9302806390351734
77.23861930965482,0.9036564931194082
77.28864432216108,0.996230956457233
77.33866933466733,0.8326155550366536
77.38869434717358,0.943400875496135
77.43871935967984,0.9683124374789347
77.48874437218609,0.9906494295175713
77.53876938469234,0.8320207881111675
77.5887943971986,0.7936421516138122
77.63881940970485,0.6961479632373653
77.6888444222111,0.669233463988161
77.73886943471736,0.6953675950953779
77.78889444722361,0.7190495594479412
77.83891945972987,0.7362618623391018
77.88894447223612,0.5255623601611354
77.93896948474237,0.7146100673311939
77.98899449724863,0.49627533311079164
78.03901950975487,0.4779879409965978
78.08904452226112,0.36093921738923856
78.13906953476737,0.1476820605595413
78.18909454727363,0.4319802898622752
78.23911955977988,0.3698701839042592
78.28914457228613,0.2199220315058023
78.33916958479239,0.20600222383541078
78.38919459729864,0.20164678626944454
78.4392196098049,-0.05582743807595204
78.48924462231115,-0.0023551037274101086
78.5392696348174,0.07997317286237861
78.58929464732365,-0.17488706436850252
78.63931965982991,-0.06998341255232711
78.68934467233616,-0.284629925238374
78.73936968484242,-0.15158856120725242
78.78939469734867,-0.25055955094919197
78.83941970985492,-0.456654450010398
78.88944472236118,-0.22607476111093994
78.93946973486743,-0.4625582323705676
78.98949474737368,-0.5157011784064941
79.03951975987994,-0.4591083244822426
79.08954477238619,-0.4075919568842158
79.13956978489244,-0.6660211476321243
79.1895947973987,-0.5988420396286556
79.23961980990495,-0.6011857104518763
79.2896448224112,-0.6122026919475109
79.33966983491746,-0.699609856777438
79.38969484742371,-0.7879030006199357
79.43971985992997,-0.8660259552320488
79.48974487243622,-0.8047595430826119
79.53976988494247,-0.9486597854616657
79.58979489744873,-1.159547604678328
79.63981990995497,-0.8475529990734585
79.68984492246122,-0.8223821314597197
79.73986993496747,-1.1683517488273112
79.78989494747373,-1.0499824736693613
79.83991995997998,-0.9016704724352118
79.88994497248623,-0.770001974213612
79.93996998499249,-0.983396462232893
79.98999499749874,-1.0655347980715015
80.040020010005,-1.0157990170898743
80.09004502251125,-0.8623008515509967
80.1400700350175,-1.0641625810063424
80.19009504752376,-1.0767621387947903
80.24012006003001,-1.039899984246161
80.29014507253626,-1.079260159210086
80.34017008504252,-0.9615001666762009
80.39019509754877,-0.7987029062231101
80.44022011005502,-0.9138615485127942
80.49024512256128,-0.9540362526450956
80.54027013506753,-0.9382896146098398
80.59029514757378,-1.0434605825801415
80.64032016008004,-0.7746439276549291
80.69034517258629,-0.8443929327784373
80.74037018509254,-0.8262183325884223
80.7903951975988,-0.45839868653158894
80.84042021010505,-0.7154274410594202
80.8904452226113,-0.7862103929238669
80.94047023511756,-0.7176166174606119
80.99049524762381,-0.5223970682100452
81.04052026013007,-0.586581013501631
81.09054527263632,-0.7009063137924983
81.14057028514257,-0.4229322845790108
81.19059529764881,-0.5381580912854835
81.24062031015507,-0.23932311731705613
81.29064532266132,-0.27288982354594316
81.34067033516757,-0.3789155640986584
81.39069534767383,-0.15853436264070392
81.44072036018008,-0.23158591449413105
81.49074537268633,-0.10423316411757255
81.54077038519259,-0.09170216441510337
81.59079539769884,-0.17512530998955517
81.6408204102051,-0.10493242278347431
81.69084542271135,0.11243237108910158
81.7408704352176,0.02594887559545432
81.79089544772386,0.0689029982681432
81.84092046023011,0.06332363647707807
81.89094547273636,0.25036644655302304
81.94097048524262,0.4629092492876777
81.99099549774887,0.19791153322267513
82.04102051025512,0.354332572288898
82.09104552276138,0.5394980107717895
82.14107053526763,0.43568066622251583
82.19109554777388,0.5331408446395303
82.24112056028014,0.42470244663433165
82.29114557278639,0.6154822378177772
82.34117058529264,0.594214067549384
82.3911955977989,0.7502449247104594
82.44122061030515,0.8075234912399807
82.4912456228114,0.9831308851871687
82.54127063531766,0.8157156030089658
82.59129564782391,0.822013800951435
82.64132066033017,0.8385793345193501
82.69134567283642,0.811481535953436
82.74137068534267,0.9061851383432912
82.79139569784891,0.8661526325961363
82.84142071035517,0.9336538854052642
82.89144572286142,1.0673887207186352
82.94147073536767,0.8514549650054821
82.99149574787393,1.080195173750469
83.04152076038018,1.1095994890490768
83.09154577288643,0.9753151380769984
83.14157078539269,0.7817007498148619
83.19159579789894,0.9373816064086364
83.2416208104052,1.1296434392560208
83.29164582291145,0.9969355179577861
83.3416708354177,0.8960704062318319
83.39169584792396,0.9398094689139453
83.44172086043021,1.0661576170488354
83.49174587293646,1.026120440952118
83.54177088544272,0.9344748027308172
83.59179589794897,0.9062086823401712
83.64182091045522,0.8858793247168867
83.69184592296148,0.8126636677725978
83.74187093546773,1.0440277483043925
83.79189594797398,0.8256356527539961
83.84192096048024,0.9528147042108296
83.89194597298649,0.9543822170314917
83.94197098549274,0.8712262463443191
83.991995997999,0.6954476546607216
84.04202101050525,0.7443492376750674
84.0920460230115,0.6651618762360507
84.14207103551776,0.5391461836034069
84.19209604802401,0.622312193255884
84.24212106053027,0.43085632273168606
84.29214607303652,0.6250392901338893
84.34217108554276,0.4160539901804656
84.39219609804901,0.43771884901913793
84.44222111055527,0.39997400002757166
84.49224612306152,0.29886719603779066
84.54227113556777,0.33572701682309325
84.59229614807403,0.18117402160282509
84.64232116058028,0.2668287538667222
84.69234617308653,-0.004313910419940115
84.74237118559279,0.09318108093100236
84.79239619809904,0.2244935709674898
84.8424212106053,-0.11945147558190934
84.89244622311155,-0.13716327004988316
84.9424712356178,-0.0677948085822717
84.99249624812406,-0.15072603592844092
85.04252126063031,-0.18269778023189817
85.09254627313656,-0.21737382003011052
85.14257128564282,-0.25068587047091695
85.19259629814907,-0.2502675003238375
85.24262131065532,-0.36643127704175027
85.29264632316158,-0.4766952268590246
85.34267133566783,-0.42933609017876245
85.39269634817408,-0.349386798783989
85.44272136068034,-0.594070393419623
85.49274637318659,-0.7182388081861817
85.54277138569284,-0.5485034758508454
85.5927963981991,-0.7080259901108623
85.64282141070535,-0.9482898114823268
85.6928464232116,-0.6794866677320587
85.74287143571786,-0.8490555473137312
85.79289644822411,-0.8338795682286061
85.84292146073037,-0.8188680194293265
85.89294647323662,-0.8581240447373132
85.94297148574286,-0.8291421193558299
85.99299649824911,-0.9642972260165739
86.04302151075537,-0.887795602437199
86.09304652326162,-0.9810688183817076
86.14307153576787,-0.8948513943589705
86.19309654827413,-0.918390236632346
86.24312156078038,-1.0822136400634208
86.29314657328663,-0.8863407110329902
86.34317158579289,-1.0523151026244786
86.39319659829914,-0.9191940393456929
86.4432216108054,-0.9620501693033519
86.49324662331165,-0.8112406895563946
86.5432716358179,-1.0111961941622258
86.59329664832416,-1.0150977322709878
86.64332166083041,-0.9709721140790203
86.69334667333666,-0.9857877384991918
86.74337168584292,-0.8595246104748693
86.79339669834917,-1.082848244676296
86.84342171085542,-1.0059789419011764
86.89344672336168,-0.9845311983000546
86.94347173586793,-0.7576642378500591
86.99349674837418,-0.6544443248287186
87.04352176088044,-0.8066958502878326
87.09354677338669,-0.7818861631677175
87.14357178589295,-0.7248378122337442
87.1935967983992,-0.5806631793282104
87.24362181090545,-0.7528507967327842
87.2936468234117,-0.5978914629993033
87.34367183591796,-0.48426592430122484
87.39369684842421,-0.4902779801130144
87.44372186093047,-0.4786789067913465
87.4937468734367,-0.3535370525245812
87.54377188594296,-0.6788344820266139
87.59379689844921,-0.2945712247171354
87.64382191095547,-0.38070721454873613
87.69384692346172,-0.4505149520648085
87.74387193596797,-0.16781425984796602
87.79389694847423,-0.03250375290610022
87.84392196098048,-0.13412453613933267
87.89394697348673,0.02469888035826387
87.94397198599299,0.1406069729557195
87.99399699849924,0.16088990699643768
88.0440220110055,0.24334067469202292
88.09404702351175,0.20330421331952744
88.144072036018,0.18605908629270937
88.19409704852426,0.06729675662814674
88.24412206103051,0.2512955206289376
88.29414707353676,0.23929524081327797
88.34417208604302,0.5876226124653077
88.39419709854927,0.3989211453289083
88.44422211105552,0.4737694940834079
88.49424712356178,0.5603823016192013
88.54427213606803,0.5521146744677377
88.59429714857428,0.7584097290367422
88.64432216108054,0.5663164563641501
88.69434717358679,0.6861462075054167
88.74437218609305,0.6288744391348291
88.7943971985993,0.6057960863501071
88.84442221110555,0.7094523114327257
88.8944472236118,0.7978283249388188
88.94447223611806,0.787499149232512
88.99449724862431,0.7880069230219577
89.04452226113057,0.7412921040244083
89.0945472736368,0.8960815666374168
89.14457228614306,0.7741255889604095
89.19459729864931,1.018495400386284
89.24462231115557,0.9662678662837548
89.29464732366182,0.8254058713603586
89.34467233616807,0.9509474184240982
89.39469734867433,0.9149033754349605
89.44472236118058,1.027809898882185
89.49474737368683,1.1332192212588823
89.54477238619309,0.8124387446583402
89.59479739869934,1.0097385445686058
89.6448224112056,0.9780050357359582
89.69484742371185,1.0544476875887123
89.7448724362181,0.9994584682946058
89.79489744872436,0.8913197140530859
89.84492246123061,0.920570890053385
89.89494747373686,0.8564502576792729
89.94497248624312,1.0248881314253293
89.99499749874937,0.8983581218256285
90.04502251125562,1.063043222965962
90.09504752376188,0.8413712316276705
90.14507253626813,0.7489895236913092
90.19509754877438,0.638800449693898
90.24512256128064,0.5782226156053278
90.29514757378689,0.5665898398126226
90.34517258629315,0.7163690059729645
90.3951975987994,0.7034562435517342
90.44522261130565,0.45575931988519924
90.4952476238119,0.6631409588745718
90.54527263631816,0.4836545310320432
90.59529764882441,0.5036324912366794
90.64532266133065,0.6059444555777462
90.6953476738369,0.48906284050126986
90.74537268634316,0.3261831222267554
90.79539769884941,0.21669095308388858
90.84542271135567,0.042637493144058125
90.89544772386192,0.1372675009282298
90.94547273636817,0.1389102372719504
90.99549774887443,0.011745361735947993
91.04552276138068,0.047501294029889334
91.09554777388693,0.01832416780212462
91.14557278639319,-0.06186124842183968
91.19559779889944,-0.15429202097955536
91.2456228114057,-0.12211900214789832
91.29564782391195,-0.14413537446633828
91.3456728364182,-0.34624312074723534
91.39569784892446,-0.1443902709028129
91.44572286143071,-0.3429083439384015
91.49574787393696,-0.3778973069686998
91.54577288644322,-0.3547433578321745
91.59579789894947,-0.44696096328892376
91.64582291145572,-0.41851005166040645
91.69584792396198,-0.5273668604870799
91.74587293646823,-0.6581872771731734
91.79589794897448,-0.6001639090669508
91.84592296148074,-0.7884655586141858
91.89594797398699,-0.6993290765209946
91.94597298649325,-0.7478232865646027
91.9959979989995,-0.7977644887672307
92.04602301150575,-0.8203151493157591
92.096048024012,-1.0241346455494138
92.14607303651826,-0.9172190450321975
92.19609804902451,-0.877301303533125
92.24612306153075,-0.8926211738740885
92.296148074037,-1.0311220304793434
92.34617308654326,-0.8192087111399237
92.39619809904951,-1.0474556374649022
92.44622311155577,-0.8765470921249099
92.49624812406202,-0.9409923759360084
92.54627313656827,-1.0560923157306839
92.59629814907453,-0.8192156309937277
92.64632316158078,-1.1188936985362221
92.69634817408703,-0.9078970889541792
92.74637318659329,-0.8975352545274656
92.79639819909954,-1.0599405282617058
92.8464232116058,-0.8464328361588873
92.89644822411205,-1.00101872633308
92.9464732366183,-0.9350374529155767
92.99649824912456,-0.9233556973198043
93.04652326163081,-0.9459244711650697
93.09654827413706,-0.8321854051527147
93.14657328664332,-0.8124050219761297
93.19659829914957,-1.0428636024712665
93.24662331165582,-0.7116611472645198
93.29664832416208,-0.9803222314468554
93.34667333666833,-0.6807594788184672
93.39669834917459,-0.6393230645490837
93.44672336168084,-0.827188227307011
93.49674837418709,-0.7234743683213263
93.54677338669335,-0.7555574280983335
93.5967983991996,-0.6274593414971347
93.64682341170585,-0.596234826167707
93.6968484242121,-0.4455148057299461
93.74687343671836,-0.34918970689041323
93.7968984492246,-0.29619042065749857
93.84692346173085,-0.44642356480271717
93.8969484742371,-0.3646006203960155
93.94697348674336,-0.46463404653953955
93.99699849924961,-0.32874771602711916
94.04702351175587,-0.10292513498537229
94.09704852426212,0.011397315728885887
94.14707353676837,-0.22397082240294117
94.19709854927463,-0.10990579081568977
94.24712356178088,-0.0032966215617483323
94.29714857428714,0.0773650304643137
94.34717358679339,0.018270053038944745
94.39719859929964,0.1912697274331805
94.4472236118059,0.15074045242142922
94.49724862431215,0.24544422091972026
94.5472736368184,0.34966522121508503
94.59729864932466,0.34308819562625437
94.64732366183091,0.3453597588434292
94.69734867433716,0.4236164806510463
94.74737368684342,0.47023297413576237
94.79739869934967,0.48536135432762484
94.84742371185592,0.5384690978650024
94.89744872436218,0.7647876788027588
94.94747373686843,0.7000756589888391
94.99749874937469,0.6518852004329869
95.04752376188094,0.7868732583801468
95.09754877438719,0.7177460900585584
95.14757378689345,0.9005114165341488
95.1975987993997,0.8502745375867017
95.24762381190595,0.8306565833721679
95.2976488244122,0.9121298367824433
95.34767383691846,0.7340717626560498
95.3976988494247,0.8000542016544259
95.44772386193095,0.8126263839696878
95.4977488744372,0.9632692375007126
95.54777388694346,1.136808155055921
95.59779889944971,1.1988575972879052
95.64782391195597,1.0492623694342391
95.69784892446222,1.0428057890096853
95.74787393696847,0.8173958813398354
95.79789894947473,0.9455188587880426
95.84792396198098,0.9207910023598306
95.89794897448724,0.9347668538800483
95.94797398699349,0.9748253651573866
95.99799899949974,0.9367377596995045
96.048024012006,0.7758620915838378
96.09804902451225,1.0359919450531725
96.1480740370185,0.8389305581692255
96.19809904952476,0.952766102777486
96.24812406203101,1.1165622962772281
96.29814907453726,0.7952534978416856
96.34817408704352,0.6099813958526425
96.39819909954977,0.808068682898278
96.44822411205602,0.9183306961412387
96.49824912456228,0.9736129184470185
96.54827413706853,0.622420668496133
96.59829914957479,0.7607780902354377
96.64832416208104,0.6285304837593211
96.69834917458729,0.6267310650576814
96.74837418709355,0.8624300295563536
96.7983991995998,0.40687228308707746
96.84842421210605,0.5403228766387057
96.8984492246123,0.5182094303309922
96.94847423711855,0.5353304145587892
96.9984992496248,0.3907940418800917
97.04852426213105,0.3650914812471239
97.0985492746373,0.24757589334834387
97.14857428714356,0.26539034737446443
97.19859929964981,0.15529866253039637
97.24862431215607,0.20244089571905916
97.29864932466232,0.053637502747735016
97.34867433716857,0.07839672963104008
97.39869934967483,-0.012253234525971142
97.44872436218108,0.053287764372115236
97.49874937468734,-0.11429853000906047
97.54877438719359,-0.33603118738200655
97.59879939969984,-0.08170743926139881
97.6488244122061,-0.34712430756698137
97.69884942471235,-0.36993731381753325
97.7488744372186,-0.41137440708566253
97.79889944972486,-0.26073184880300426
97.84892446223111,-0.6571142324063128
97.89894947473736,-0.1740333652613093
97.94897448724362,-0.4252434589115187
97.99899949974987,-0.5502379956421001
98.04902451225612,-0.6183314959384689
98.09904952476238,-0.6230335785192112
98.14907453726863,-0.6365933706556447
98.19909954977489,-0.6595775546863817
98.24912456228114,-0.7021204849379209
98.29914957478739,-0.780408979099586
98.34917458729365,-0.8388120243435517
98.3991995997999,-0.8618673284996831
98.44922461230615,-0.8917741194087615
98.4992496248124,-0.7822671375386719
98.54927463731865,-0.8574084470667553
98.5992996498249,-1.229629229299686
98.64932466233115,-0.8864857062945123
98.6993496748374,-0.9467055079785254
98.74937468734366,-0.9797359857026007
98.79939969984991,-1.0259563389839281
98.84942471235617,-0.881462889549464
98.89944972486242,-0.9034045298908828
98.94947473736867,-1.0772305881057676
98.99949974987493,-0.9585214008476202
99.04952476238118,-1.0931760661647976
99.09954977488744,-1.1282639742144978
99.14957478739369,-1.0447879289838689
99.19959979989994,-0.8852336729267616
99.2496248124062,-0.8630867231583631
99.29964982491245,-0.8916189974757959
99.3496748374187,-0.8525870867040398
99.39969984992496,-0.8533333891855663
99.44972486243121,-0.94668976004008
99.49974987493746,-0.8147316271990779
99.54977488744372,-0.7511187018616376
99.59979989994997,-0.726886749252768
99.64982491245622,-0.6525733946104648
99.69984992496248,-0.6678530071985204
99.74987493746873,-0.6689090602201366
99.79989994997499,-0.5606478174385889
99.84992496248124,-0.632253448386444
99.89994997498749,-0.6781520188314696
99.94997498749375,-0.5651584018104948
100.0,-0.5808559055904037
